verb,tense,subject,form,example
ser,imperativo afirmativo,tú,sé,Sé paciente conmigo.
ser,imperativo afirmativo,usted,sea,Sea amable con todos.
ser,imperativo afirmativo,nosotros/as,seamos,Seamos respetuosos con las reglas.
ser,imperativo afirmativo,vosotros/as,sed,Sed cuidadosos al cruzar la calle.
ser,imperativo afirmativo,ustedes,sean,Sean honestos en sus respuestas.
ser,imperativo negativo,tú,no seas,No seas impaciente.
ser,imperativo negativo,usted,no sea,No sea arrogante.
ser,imperativo negativo,nosotros/as,no seamos,No seamos groseros.
ser,imperativo negativo,vosotros/as,no seáis,No seáis egoístas.
ser,imperativo negativo,ustedes,no sean,No sean mentirosos.
estar,imperativo afirmativo,tú,está,Está listo para empezar.
estar,imperativo afirmativo,usted,esté,Esté tranquilo por favor.
estar,imperativo afirmativo,nosotros/as,estemos,Estemos atentos.
estar,imperativo afirmativo,vosotros/as,estad,Estad preparados para cualquier situación.
estar,imperativo afirmativo,ustedes,estén,Estén atentos a las instrucciones.
estar,imperativo negativo,tú,no estés,No estés triste.
estar,imperativo negativo,usted,no esté,No esté preocupado.
estar,imperativo negativo,nosotros/as,no estemos,No estemos impacientes.
estar,imperativo negativo,vosotros/as,no estéis,No estéis cansados.
estar,imperativo negativo,ustedes,no estén,No estén distraídos.
tener,imperativo afirmativo,tú,ten,Ten cuidado con eso.
tener,imperativo afirmativo,usted,tenga,Tenga paciencia.
tener,imperativo afirmativo,nosotros/as,tengamos,Tengamos en cuenta todos los detalles.
tener,imperativo afirmativo,vosotros/as,tened,Tened cuidado al cruzar la calle.
tener,imperativo afirmativo,ustedes,tengan,Tengan en cuenta las reglas.
tener,imperativo negativo,tú,no tengas,No tengas miedo.
tener,imperativo negativo,usted,no tenga,No tenga prisa.
tener,imperativo negativo,nosotros/as,no tengamos,No tengamos dudas.
tener,imperativo negativo,vosotros/as,no tengáis,No tengáis envidia.
tener,imperativo negativo,ustedes,no tengan,No tengan mala voluntad.
hacer,imperativo afirmativo,tú,haz,Haz tu tarea ahora mismo.
hacer,imperativo afirmativo,usted,haga,Haga lo que pueda.
hacer,imperativo afirmativo,nosotros/as,hagamos,Hagamos una pausa.
hacer,imperativo afirmativo,vosotros/as,haced,Haced silencio por favor.
hacer,imperativo afirmativo,ustedes,hagan,Hagan su mejor esfuerzo.
hacer,imperativo negativo,tú,no hagas,No hagas ruido.
hacer,imperativo negativo,usted,no haga,No haga trampa.
hacer,imperativo negativo,nosotros/as,no hagamos,No hagamos excusas.
hacer,imperativo negativo,vosotros/as,no hagáis,No hagáis preguntas innecesarias.
hacer,imperativo negativo,ustedes,no hagan,No hagan tanto ruido.
decir,imperativo afirmativo,tú,di,Di la verdad.
decir,imperativo afirmativo,usted,diga,Diga lo que piensa.
decir,imperativo afirmativo,nosotros/as,digamos,Digamos nuestras opiniones.
decir,imperativo afirmativo,vosotros/as,decid,Decid lo que queráis.
decir,imperativo afirmativo,ustedes,digan,Digan la respuesta correcta.
decir,imperativo negativo,tú,no digas,No digas tonterías.
decir,imperativo negativo,usted,no diga,No diga mentiras.
decir,imperativo negativo,nosotros/as,no digamos,No digamos cosas inapropiadas.
decir,imperativo negativo,vosotros/as,no digáis,No digáis secretos.
decir,imperativo negativo,ustedes,no digan,No digan nada a nadie.
ir,imperativo afirmativo,tú,ve,Ve a comprar el pan.
ir,imperativo afirmativo,usted,vaya,Vaya a verlo ahora.
ir,imperativo afirmativo,nosotros/as,vayamos,Vayamos juntos al parque.
ir,imperativo afirmativo,vosotros/as,id,Id a la tienda.
ir,imperativo afirmativo,ustedes,vayan,Vayan a clase temprano.
ir,imperativo negativo,tú,no vayas,No vayas tan rápido.
ir,imperativo negativo,usted,no vaya,No vaya solo.
ir,imperativo negativo,nosotros/as,no vayamos,No vayamos por ahí.
ir,imperativo negativo,vosotros/as,no vayáis,No vayáis sin avisar.
ir,imperativo negativo,ustedes,no vayan,No vayan tarde.
ver,imperativo afirmativo,tú,ve,Ve la película esta noche.
ver,imperativo afirmativo,usted,vea,Vea el informe antes de la reunión.
ver,imperativo afirmativo,nosotros/as,veamos,Veamos el partido juntos.
ver,imperativo afirmativo,vosotros/as,ved,Ved el paisaje desde aquí.
ver,imperativo afirmativo,ustedes,vean,Vean la presentación detenidamente.
ver,imperativo negativo,tú,no veas,No veas la televisión todo el día.
ver,imperativo negativo,usted,no vea,No vea el correo no deseado.
ver,imperativo negativo,nosotros/as,no veamos,No veamos esa película de nuevo.
ver,imperativo negativo,vosotros/as,no veáis,No veáis las noticias antes de dormir.
ver,imperativo negativo,ustedes,no vean,No vean esa escena es muy violenta.
saber,imperativo afirmativo,tú,sabe,Sabe la respuesta correcta.
saber,imperativo afirmativo,usted,sepa,Sepa cómo resolverlo.
saber,imperativo afirmativo,nosotros/as,sepamos,Sepamos qué hacer.
saber,imperativo afirmativo,vosotros/as,sabed,Sabed lo que está pasando.
saber,imperativo afirmativo,ustedes,sepan,Sepan dónde encontrar la información.
saber,imperativo negativo,tú,no sepas,No sepas la respuesta.
saber,imperativo negativo,usted,no sepa,No sepa la dirección.
saber,imperativo negativo,nosotros/as,no sepamos,No sepamos más de lo necesario.
saber,imperativo negativo,vosotros/as,no sepáis,No sepáis lo que está ocurriendo.
saber,imperativo negativo,ustedes,no sepan,No sepan los detalles exactos.
querer,imperativo afirmativo,tú,quiere,¡Quiere escuchar!
querer,imperativo afirmativo,usted,quiera,¡Quiera tener un buen día!
querer,imperativo afirmativo,nosotros/as,queramos,¡Queramos ganar!
querer,imperativo afirmativo,vosotros/as,quered,¡Quered venir con nosotros!
querer,imperativo afirmativo,ustedes,quieran,¡Quieran más paz!
querer,imperativo negativo,tú,no quieras,¡No quieras molestar!
querer,imperativo negativo,usted,no quiera,¡No quiera salir!
querer,imperativo negativo,nosotros/as,no queramos,¡No queramos perder!
querer,imperativo negativo,vosotros/as,no queráis,¡No queráis pelear!
querer,imperativo negativo,ustedes,no quieran,¡No quieran problemas!
llegar,imperativo afirmativo,tú,llega,Llega temprano a la reunión.
llegar,imperativo afirmativo,usted,llegue,Llegue puntualmente al aeropuerto.
llegar,imperativo afirmativo,nosotros/as,lleguemos,Lleguemos juntos al concierto.
llegar,imperativo afirmativo,vosotros/as,llegad,Llegad antes de que empiece la película.
llegar,imperativo afirmativo,ustedes,lleguen,Lleguen a tiempo para la presentación.
llegar,imperativo negativo,tú,no llegues,No llegues tarde al trabajo.
llegar,imperativo negativo,usted,no llegue,No llegue sin avisar.
llegar,imperativo negativo,nosotros/as,no lleguemos,No lleguemos antes de la hora.
llegar,imperativo negativo,vosotros/as,no lleguéis,No lleguéis sin preparar.
llegar,imperativo negativo,ustedes,no lleguen,No lleguen después de las 10.
poder,imperativo afirmativo,tú,puede,Puedes venir más tarde.
poder,imperativo afirmativo,usted,pueda,Pueda usted resolver este problema.
poder,imperativo afirmativo,nosotros/as,podamos,Podamos ayudarle.
poder,imperativo afirmativo,vosotros/as,poded,Poded traer los documentos.
poder,imperativo afirmativo,ustedes,puedan,Puedan empezar sin mí.
poder,imperativo negativo,tú,no puedas,No puedas olvidar esto.
poder,imperativo negativo,usted,no pueda,No pueda hablar ahora.
poder,imperativo negativo,nosotros/as,no podamos,No podamos esperar más.
poder,imperativo negativo,vosotros/as,no podáis,No podáis entrar sin permiso.
poder,imperativo negativo,ustedes,no puedan,No puedan hacer eso.
poner,imperativo afirmativo,tú,pon,Pon la mesa.
poner,imperativo afirmativo,usted,ponga,Ponga atención.
poner,imperativo afirmativo,nosotros/as,pongamos,Pongamos más esfuerzo.
poner,imperativo afirmativo,vosotros/as,poned,Poned los libros en la estantería.
poner,imperativo afirmativo,ustedes,pongan,Pongan los documentos sobre la mesa.
poner,imperativo negativo,tú,no pongas,No pongas excusas.
poner,imperativo negativo,usted,no ponga,No ponga el vaso ahí.
poner,imperativo negativo,nosotros/as,no pongamos,No pongamos en riesgo la seguridad.
poner,imperativo negativo,vosotros/as,no pongáis,No pongáis esa canción tan alta.
poner,imperativo negativo,ustedes,no pongan,No pongan los zapatos en la mesa.
saber,imperativo afirmativo,tú,sabe,Sabe la respuesta correcta.
saber,imperativo afirmativo,usted,sepa,Sepa cómo resolverlo.
saber,imperativo afirmativo,nosotros/as,sepamos,Sepamos qué hacer.
saber,imperativo afirmativo,vosotros/as,sabed,Sabed lo que está pasando.
saber,imperativo afirmativo,ustedes,sepan,Sepan dónde encontrar la información.
saber,imperativo negativo,tú,no sepas,No sepas la respuesta.
saber,imperativo negativo,usted,no sepa,No sepa la dirección.
saber,imperativo negativo,nosotros/as,no sepamos,No sepamos más de lo necesario.
saber,imperativo negativo,vosotros/as,no sepáis,No sepáis lo que está ocurriendo.
saber,imperativo negativo,ustedes,no sepan,No sepan los detalles exactos.
creer,imperativo afirmativo,tú,cree,Cree en ti mismo.
creer,imperativo afirmativo,usted,crea,Crea en la bondad de las personas.
creer,imperativo afirmativo,nosotros/as,creamos,Creemos en un mundo mejor.
creer,imperativo afirmativo,vosotros/as,creed,Creed en vuestras habilidades.
creer,imperativo afirmativo,ustedes,crean,Crean en sus sueños.
creer,imperativo negativo,tú,no creas,No creas todo lo que oyes.
creer,imperativo negativo,usted,no crea,No crea que es imposible.
creer,imperativo negativo,nosotros/as,no creamos,No creamos en las mentiras.
creer,imperativo negativo,vosotros/as,no creáis,No creáis en los rumores.
creer,imperativo negativo,ustedes,no crean,No crean en las supersticiones.
dar,imperativo afirmativo,tú,da,Da un paso adelante.
dar,imperativo afirmativo,usted,dé,Dé la bienvenida a los invitados.
dar,imperativo afirmativo,nosotros/as,demos,Demos nuestro mejor esfuerzo.
dar,imperativo afirmativo,vosotros/as,dad,Dad vuestra opinión.
dar,imperativo afirmativo,ustedes,den,Den su consentimiento.
dar,imperativo negativo,tú,no des,No des excusas.
dar,imperativo negativo,usted,no dé,No dé falsas esperanzas.
dar,imperativo negativo,nosotros/as,no demos,No demos por sentado su ayuda.
dar,imperativo negativo,vosotros/as,no deis,No deis más vueltas al asunto.
dar,imperativo negativo,ustedes,no den,No den pasos en falso.
hablar,imperativo afirmativo,tú,habla,Habla más despacio.
hablar,imperativo afirmativo,usted,hable,Hable con claridad.
hablar,imperativo afirmativo,nosotros/as,hablemos,Hablemos en voz alta.
hablar,imperativo afirmativo,vosotros/as,hablad,Hablad con el profesor.
hablar,imperativo afirmativo,ustedes,hablen,Hablen todos a la vez.
hablar,imperativo negativo,tú,no hables,No hables tan fuerte.
hablar,imperativo negativo,usted,no hable,No hable durante la película.
hablar,imperativo negativo,nosotros/as,no hablemos,No hablemos de eso ahora.
hablar,imperativo negativo,vosotros/as,no habléis,No habléis en clase.
hablar,imperativo negativo,ustedes,no hablen,No hablen en el teatro.
comer,imperativo afirmativo,tú,come,Come tu cena.
comer,imperativo afirmativo,usted,coma,Coma despacio.
comer,imperativo afirmativo,nosotros/as,comamos,Comamos juntos.
comer,imperativo afirmativo,vosotros/as,comed,Comed más frutas.
comer,imperativo afirmativo,ustedes,coman,Coman antes de irse.
comer,imperativo negativo,tú,no comas,No comas tan rápido.
comer,imperativo negativo,usted,no coma,No coma en la cama.
comer,imperativo negativo,nosotros/as,no comamos,No comamos en la sala.
comer,imperativo negativo,vosotros/as,no comáis,No comáis entre horas.
comer,imperativo negativo,ustedes,no coman,No coman comida chatarra.
vivir,imperativo afirmativo,tú,vive,Vive cada momento.
vivir,imperativo afirmativo,usted,viva,Viva la vida.
vivir,imperativo afirmativo,nosotros/as,vivamos,Vivamos en armonía.
vivir,imperativo afirmativo,vosotros/as,vivid,Vivid con pasión.
vivir,imperativo afirmativo,ustedes,vivan,Vivan intensamente.
vivir,imperativo negativo,tú,no vivas,No vivas en el pasado.
vivir,imperativo negativo,usted,no viva,No viva lejos de aquí.
vivir,imperativo negativo,nosotros/as,no vivamos,No vivamos con miedo.
vivir,imperativo negativo,vosotros/as,no viváis,No viváis en la rutina.
vivir,imperativo negativo,ustedes,no vivan,No vivan en la oscuridad.
sentir,imperativo afirmativo,tú,siente,Siente la música.
sentir,imperativo afirmativo,usted,sienta,Sienta el calor del sol.
sentir,imperativo afirmativo,nosotros/as,sintamos,Sintamos gratitud.
sentir,imperativo afirmativo,vosotros/as,sentid,Sentid la brisa marina.
sentir,imperativo afirmativo,ustedes,sientan,Sientan compasión.
sentir,imperativo negativo,tú,no sientas,No sientas envidia.
sentir,imperativo negativo,usted,no sienta,No sienta dolor.
sentir,imperativo negativo,nosotros/as,no sintamos,No sintamos temor.
sentir,imperativo negativo,vosotros/as,no sintáis,No sintáis culpa.
sentir,imperativo negativo,ustedes,no sientan,No sientan vergüenza.
pensar,imperativo afirmativo,tú,piensa,Piensa antes de actuar.
pensar,imperativo afirmativo,usted,piense,Piense con claridad.
pensar,imperativo afirmativo,nosotros/as,pensemos,Pensemos en una solución.
pensar,imperativo afirmativo,vosotros/as,pensad,Pensad bien antes de decidir.
pensar,imperativo afirmativo,ustedes,piensen,Piensen en el futuro.
pensar,imperativo negativo,tú,no pienses,No pienses demasiado.
pensar,imperativo negativo,usted,no piense,No piense que es imposible.
pensar,imperativo negativo,nosotros/as,no pensemos,No pensemos en lo peor.
pensar,imperativo negativo,vosotros/as,no penséis,No penséis mal de los demás.
pensar,imperativo negativo,ustedes,no piensen,No piensen que lo saben todo.
llevar,imperativo afirmativo,tú,lleva,Lleva el paraguas contigo.
llevar,imperativo afirmativo,usted,lleve,Lleve su identificación siempre.
llevar,imperativo afirmativo,nosotros/as,llevemos,Llevemos todos los materiales necesarios.
llevar,imperativo afirmativo,vosotros/as,llevad,Llevad vuestras mochilas.
llevar,imperativo afirmativo,ustedes,lleven,Lleven sus libros a clase.
llevar,imperativo negativo,tú,no lleves,No lleves tanto peso.
llevar,imperativo negativo,usted,no lleve,No lleve su teléfono al cine.
llevar,imperativo negativo,nosotros/as,no llevemos,No llevemos demasiado equipaje.
llevar,imperativo negativo,vosotros/as,no llevéis,No llevéis cosas innecesarias.
llevar,imperativo negativo,ustedes,no lleven,No lleven comida al auditorio.
encontrar,imperativo afirmativo,tú,encuentra,Encuentra la solución.
encontrar,imperativo afirmativo,usted,encuentre,Encuentre la llave.
encontrar,imperativo afirmativo,nosotros/as,encontremos,Encontremos una respuesta.
encontrar,imperativo afirmativo,vosotros/as,encontrad,Encontrad un buen restaurante.
encontrar,imperativo afirmativo,ustedes,encuentren,Encuentren el camino correcto.
encontrar,imperativo negativo,tú,no encuentres,No encuentres excusas.
encontrar,imperativo negativo,usted,no encuentre,No encuentre el error.
encontrar,imperativo negativo,nosotros/as,no encontremos,No encontremos problemas.
encontrar,imperativo negativo,vosotros/as,no encontréis,No encontréis problemas donde no los hay.
encontrar,imperativo negativo,ustedes,no encuentren,No encuentren obstáculos.
seguir,imperativo afirmativo,tú,sigue,Sigue adelante con tu trabajo.
seguir,imperativo afirmativo,usted,siga,Siga las instrucciones.
seguir,imperativo afirmativo,nosotros/as,sigamos,Sigamos trabajando juntos.
seguir,imperativo afirmativo,vosotros/as,seguid,Seguid las reglas.
seguir,imperativo afirmativo,ustedes,sigan,Sigan con su plan.
seguir,imperativo negativo,tú,no sigas,No sigas por ese camino.
seguir,imperativo negativo,usted,no siga,No siga esperando.
seguir,imperativo negativo,nosotros/as,no sigamos,No sigamos discutiendo.
seguir,imperativo negativo,vosotros/as,no sigáis,No sigáis perdiendo tiempo.
seguir,imperativo negativo,ustedes,no sigan,No sigan la corriente.
mirar,imperativo afirmativo,tú,mira,Mira el paisaje.
mirar,imperativo afirmativo,usted,mire,Mire hacia adelante.
mirar,imperativo afirmativo,nosotros/as,miremos,Miremos juntos.
mirar,imperativo afirmativo,vosotros/as,mirad,Mirad este video.
mirar,imperativo afirmativo,ustedes,miren,Miren con atención.
mirar,imperativo negativo,tú,no mires,No mires a los ojos.
mirar,imperativo negativo,usted,no mire,No mire por la ventana.
mirar,imperativo negativo,nosotros/as,no miremos,No miremos atrás.
mirar,imperativo negativo,vosotros/as,no miréis,No miréis el reloj.
mirar,imperativo negativo,ustedes,no miren,No miren fijamente.
salir,imperativo afirmativo,tú,sal,Sale temprano.
salir,imperativo afirmativo,usted,salga,Salga con cuidado.
salir,imperativo afirmativo,nosotros/as,salgamos,Salgamos juntos.
salir,imperativo afirmativo,vosotros/as,salid,Salid de casa.
salir,imperativo afirmativo,ustedes,salgan,Salgan del edificio.
salir,imperativo negativo,tú,no salgas,No salgas sin permiso.
salir,imperativo negativo,usted,no salga,No salga en la lluvia.
salir,imperativo negativo,nosotros/as,no salgamos,No salgamos tarde.
salir,imperativo negativo,vosotros/as,no salgáis,No salgáis sin avisar.
salir,imperativo negativo,ustedes,no salgan,No salgan de noche.
comenzar,imperativo afirmativo,tú,comienza,Comienza ahora mismo.
comenzar,imperativo afirmativo,usted,comience,Comience la reunión.
comenzar,imperativo afirmativo,nosotros/as,comencemos,Comencemos el proyecto.
comenzar,imperativo afirmativo,vosotros/as,comenzad,Comenzad la tarea.
comenzar,imperativo afirmativo,ustedes,comiencen,Comiencen con el proceso.
comenzar,imperativo negativo,tú,no comiences,No comiences sin prepararte.
comenzar,imperativo negativo,usted,no comience,No comience sin autorización.
comenzar,imperativo negativo,nosotros/as,no comencemos,No comencemos sin planificar.
comenzar,imperativo negativo,vosotros/as,no comencéis,No comencéis sin instrucciones.
comenzar,imperativo negativo,ustedes,no comiencen,No comiencen sin consultar.
entender,imperativo afirmativo,tú,entiende,Entiende el problema.
entender,imperativo afirmativo,usted,entienda,Entienda la situación.
entender,imperativo afirmativo,nosotros/as,entendamos,Entendamos las reglas.
entender,imperativo afirmativo,vosotros/as,entended,Entended la lección.
entender,imperativo afirmativo,ustedes,entiendan,Entiendan el mensaje.
entender,imperativo negativo,tú,no entiendas,No entiendas mal.
entender,imperativo negativo,usted,no entienda,No entienda eso.
entender,imperativo negativo,nosotros/as,no entendamos,No entendamos sin información.
entender,imperativo negativo,vosotros/as,no entendáis,No entendáis sin esfuerzo.
entender,imperativo negativo,ustedes,no entiendan,No entiendan todo.
parecer,imperativo afirmativo,tú,parece,Parece una buena idea.
parecer,imperativo afirmativo,usted,parezca,Parezca interesante.
parecer,imperativo afirmativo,nosotros/as,parezcamos,Parezcamos serios.
parecer,imperativo afirmativo,vosotros/as,pareced,Pareced más amables.
parecer,imperativo afirmativo,ustedes,parezcan,Parezcan sinceros.
parecer,imperativo negativo,tú,no parezcas,No parezcas tan seguro.
parecer,imperativo negativo,usted,no parezca,No parezca extraño.
parecer,imperativo negativo,nosotros/as,no parezcamos,No parezcamos arrogantes.
parecer,imperativo negativo,vosotros/as,no parezcáis,No parezcáis indiferentes.
parecer,imperativo negativo,ustedes,no parezcan,No parezcan desinteresados.
necesitar,imperativo afirmativo,tú,necesita,Necesita descansar.
necesitar,imperativo afirmativo,usted,necesite,Necesite ayuda.
necesitar,imperativo afirmativo,nosotros/as,necesitemos,Necesitemos más tiempo.
necesitar,imperativo afirmativo,vosotros/as,necesitad,Necesitad más información.
necesitar,imperativo afirmativo,ustedes,necesiten,Necesiten colaborar.
necesitar,imperativo negativo,tú,no necesites,No necesites preocuparte.
necesitar,imperativo negativo,usted,no necesite,No necesite más espacio.
necesitar,imperativo negativo,nosotros/as,no necesitemos,No necesitemos más discusiones.
necesitar,imperativo negativo,vosotros/as,no necesitéis,No necesitéis intervenir.
necesitar,imperativo negativo,ustedes,no necesiten,No necesiten más recursos.
trabajar,imperativo afirmativo,tú,trabaja,Trabaja más duro.
trabajar,imperativo afirmativo,usted,trabaje,Trabaje con eficiencia.
trabajar,imperativo afirmativo,nosotros/as,trabajemos,Trabajemos en equipo.
trabajar,imperativo afirmativo,vosotros/as,trabajad,Trabajad con atención.
trabajar,imperativo afirmativo,ustedes,trabajen,Trabajen juntos.
trabajar,imperativo negativo,tú,no trabajes,No trabajes tanto.
trabajar,imperativo negativo,usted,no trabaje,No trabaje hasta tarde.
trabajar,imperativo negativo,nosotros/as,no trabajemos,No trabajemos los fines de semana.
trabajar,imperativo negativo,vosotros/as,no trabajéis,No trabajéis sin descanso.
trabajar,imperativo negativo,ustedes,no trabajen,No trabajen en exceso.
ponerse,imperativo afirmativo,tú,ponte,Ponte el abrigo.
ponerse,imperativo afirmativo,usted,póngase,Póngase en contacto con nosotros.
ponerse,imperativo afirmativo,nosotros/as,pongámonos,Pongámonos de acuerdo.
ponerse,imperativo afirmativo,vosotros/as,poneos,Poneos en fila.
ponerse,imperativo afirmativo,ustedes,pónganse,Pónganse listos.
ponerse,imperativo negativo,tú,no te pongas,No te pongas nervioso.
ponerse,imperativo negativo,usted,no se ponga,No se ponga en peligro.
ponerse,imperativo negativo,nosotros/as,no nos pongamos,No nos pongamos en esa situación.
ponerse,imperativo negativo,vosotros/as,no os pongáis,No os pongáis impacientes.
ponerse,imperativo negativo,ustedes,no se pongan,No se pongan tristes.
llevarse,imperativo afirmativo,tú,llévate,Llévate todo lo necesario.
llevarse,imperativo afirmativo,usted,llévese,Llévese su documento.
llevarse,imperativo afirmativo,nosotros/as,llevémonos,Llevémonos bien.
llevarse,imperativo afirmativo,vosotros/as,llevaos,Llevaos vuestras cosas.
llevarse,imperativo afirmativo,ustedes,llévense,Llévense los libros.
llevarse,imperativo negativo,tú,no te lleves,No te lleves mi lápiz.
llevarse,imperativo negativo,usted,no se lleve,No se lleve mi dinero.
llevarse,imperativo negativo,nosotros/as,no nos llevemos,No nos llevemos mal.
llevarse,imperativo negativo,vosotros/as,no os llevéis,No os llevéis toda la comida.
llevarse,imperativo negativo,ustedes,no se lleven,No se lleven los juguetes.
mostrar,imperativo afirmativo,tú,muestra,Muestra tu identificación.
mostrar,imperativo afirmativo,usted,muestre,Muestre el documento.
mostrar,imperativo afirmativo,nosotros/as,mostremos,Mostremos nuestro trabajo.
mostrar,imperativo afirmativo,vosotros/as,mostrad,Mostrad vuestras habilidades.
mostrar,imperativo afirmativo,ustedes,muestren,Muestren sus productos.
mostrar,imperativo negativo,tú,no muestres,No muestres ese comportamiento.
mostrar,imperativo negativo,usted,no muestre,No muestre esa información.
mostrar,imperativo negativo,nosotros/as,no mostremos,No mostremos nuestras dudas.
mostrar,imperativo negativo,vosotros/as,no mostréis,No mostréis vuestra preocupación.
mostrar,imperativo negativo,ustedes,no muestren,No muestren su desacuerdo.
estudiar,imperativo afirmativo,tú,estudia,Estudia más para el examen.
estudiar,imperativo afirmativo,usted,estudie,Estudie este tema.
estudiar,imperativo afirmativo,nosotros/as,estudiemos,Estudiemos juntos.
estudiar,imperativo afirmativo,vosotros/as,estudiad,Estudiad en grupo.
estudiar,imperativo afirmativo,ustedes,estudien,Estudien con atención.
estudiar,imperativo negativo,tú,no estudies,No estudies tan tarde.
estudiar,imperativo negativo,usted,no estudie,No estudie sin preparación.
estudiar,imperativo negativo,nosotros/as,no estudiemos,No estudiemos sin motivo.
estudiar,imperativo negativo,vosotros/as,no estudiéis,No estudiéis sin ganas.
estudiar,imperativo negativo,ustedes,no estudien,No estudien mucho hoy.
dejar,imperativo afirmativo,tú,deja,Deja eso ahí.
dejar,imperativo afirmativo,usted,deje,Deje su número de teléfono.
dejar,imperativo afirmativo,nosotros/as,dejemos,Dejemos la discusión para otro momento.
dejar,imperativo afirmativo,vosotros/as,dejad,Dejad la puerta abierta.
dejar,imperativo afirmativo,ustedes,dejen,Dejen sus problemas atrás.
dejar,imperativo negativo,tú,no dejes,No dejes basura en el suelo.
dejar,imperativo negativo,usted,no deje,No deje de practicar.
dejar,imperativo negativo,nosotros/as,no dejemos,No dejemos que eso nos afecte.
dejar,imperativo negativo,vosotros/as,no dejéis,No dejéis las llaves puestas.
dejar,imperativo negativo,ustedes,no dejen,No dejen de lado sus sueños.
recordar,imperativo afirmativo,tú,recuerda,Recuerda llamarme mañana.
recordar,imperativo afirmativo,usted,recuerde,Recuerde traer el informe.
recordar,imperativo afirmativo,nosotros/as,recordemos,Recordemos siempre este día.
recordar,imperativo afirmativo,vosotros/as,recordad,Recordad las instrucciones.
recordar,imperativo afirmativo,ustedes,recuerden,Recuerden sus compromisos.
recordar,imperativo negativo,tú,no recuerdes,No recuerdes lo que dije.
recordar,imperativo negativo,usted,no recuerde,No recuerde mencionarlo.
recordar,imperativo negativo,nosotros/as,no recordemos,No recordemos lo malo.
recordar,imperativo negativo,vosotros/as,no recordéis,No recordéis el pasado.
recordar,imperativo negativo,ustedes,no recuerden,No recuerden esos momentos difíciles.
escribir,imperativo afirmativo,tú,escribe,Escribe una carta.
escribir,imperativo afirmativo,usted,escriba,Escriba su nombre aquí.
escribir,imperativo afirmativo,nosotros/as,escribamos,Escribamos juntos el informe.
escribir,imperativo afirmativo,vosotros/as,escribid,Escribid vuestras ideas.
escribir,imperativo afirmativo,ustedes,escriban,Escriban sus respuestas.
escribir,imperativo negativo,tú,no escribas,No escribas en ese papel.
escribir,imperativo negativo,usted,no escriba,No escriba en la pizarra.
escribir,imperativo negativo,nosotros/as,no escribamos,No escribamos en la mesa.
escribir,imperativo negativo,vosotros/as,no escribáis,No escribáis en los libros.
escribir,imperativo negativo,ustedes,no escriban,No escriban en la pared.
amar,imperativo afirmativo,tú,ama,Ama a tu familia.
amar,imperativo afirmativo,usted,ame,Ame a los demás.
amar,imperativo afirmativo,nosotros/as,amemos,Amemos la paz.
amar,imperativo afirmativo,vosotros/as,amad,Amad sinceramente.
amar,imperativo afirmativo,ustedes,amen,Amen a todos por igual.
amar,imperativo negativo,tú,no ames,No ames con condiciones.
amar,imperativo negativo,usted,no ame,No ame solo por interés.
amar,imperativo negativo,nosotros/as,no amemos,No amemos el odio.
amar,imperativo negativo,vosotros/as,no améis,No améis sin sinceridad.
amar,imperativo negativo,ustedes,no amen,No amen a costa de otros.
correr,imperativo afirmativo,tú,corre,Corre rápido.
correr,imperativo afirmativo,usted,corra,Corra hacia la meta.
correr,imperativo afirmativo,nosotros/as,corramos,Corramos juntos.
correr,imperativo afirmativo,vosotros/as,corred,Corred más rápido.
correr,imperativo afirmativo,ustedes,corran,Corran con cuidado.
correr,imperativo negativo,tú,no corras,No corras tanto.
correr,imperativo negativo,usted,no corra,No corra por ahí.
correr,imperativo negativo,nosotros/as,no corramos,No corramos riesgos innecesarios.
correr,imperativo negativo,vosotros/as,no corráis,No corráis tan lejos.
correr,imperativo negativo,ustedes,no corran,No corran en ese pasillo.
dormir,imperativo afirmativo,tú,duerme,Duerme bien esta noche.
dormir,imperativo afirmativo,usted,duerma,Duerma la siesta.
dormir,imperativo afirmativo,nosotros/as,durmamos,Durmamos temprano hoy.
dormir,imperativo afirmativo,vosotros/as,dormid,Dormid en vuestra habitación.
dormir,imperativo afirmativo,ustedes,duerman,Duerman tranquilos.
dormir,imperativo negativo,tú,no duermas,No duermas tanto durante el día.
dormir,imperativo negativo,usted,no duerma,No duerma en la sala.
dormir,imperativo negativo,nosotros/as,no durmamos,No durmamos ahora.
dormir,imperativo negativo,vosotros/as,no durmáis,No durmáis en clase.
dormir,imperativo negativo,ustedes,no duerman,No duerman en la mesa.
volar,imperativo afirmativo,tú,vuela,Vuela alto.
volar,imperativo afirmativo,usted,vuele,Vuele con precaución.
volar,imperativo afirmativo,nosotros/as,volemos,Volemos juntos.
volar,imperativo afirmativo,vosotros/as,volad,Volad hacia el cielo.
volar,imperativo afirmativo,ustedes,vuelen,Vuelen con seguridad.
volar,imperativo negativo,tú,no vueles,No vueles tan cerca del borde.
volar,imperativo negativo,usted,no vuele,No vuele en esta área restringida.
volar,imperativo negativo,nosotros/as,no volemos,No volemos con mal tiempo.
volar,imperativo negativo,vosotros/as,no voléis,No voléis tan rápido.
volar,imperativo negativo,ustedes,no vuelen,No vuelen demasiado alto.
escuchar,imperativo afirmativo,tú,escucha,Escucha la música.
escuchar,imperativo afirmativo,usted,escuche,Escuche con atención.
escuchar,imperativo afirmativo,nosotros/as,escuchemos,Escuchemos la conferencia.
escuchar,imperativo afirmativo,vosotros/as,escuchad,Escuchad las instrucciones.
escuchar,imperativo afirmativo,ustedes,escuchen,Escuchen al profesor.
escuchar,imperativo negativo,tú,no escuches,No escuches conversaciones privadas.
escuchar,imperativo negativo,usted,no escuche,No escuche la radio tan alta.
escuchar,imperativo negativo,nosotros/as,no escuchemos,No escuchemos chismes.
escuchar,imperativo negativo,vosotros/as,no escuchéis,No escuchéis sin permiso.
escuchar,imperativo negativo,ustedes,no escuchen,No escuchen esos rumores.
tomar,imperativo afirmativo,tú,toma,Toma este medicamento.
tomar,imperativo afirmativo,usted,tome,Tome asiento por favor.
tomar,imperativo afirmativo,nosotros/as,tomemos,Tomemos una decisión.
tomar,imperativo afirmativo,vosotros/as,tomad,Tomad un descanso.
tomar,imperativo afirmativo,ustedes,tomen,Tomen sus libros.
tomar,imperativo negativo,tú,no tomes,No tomes esa ruta.
tomar,imperativo negativo,usted,no tome,No tome café antes de dormir.
tomar,imperativo negativo,nosotros/as,no tomemos,No tomemos decisiones apresuradas.
tomar,imperativo negativo,vosotros/as,no toméis,No toméis más de lo necesario.
tomar,imperativo negativo,ustedes,no tomen,No tomen fotos aquí.
conocer,imperativo afirmativo,tú,conoce,Conoce nuevos lugares.
conocer,imperativo afirmativo,usted,conozca,Conozca a su vecino.
conocer,imperativo afirmativo,nosotros/as,conozcamos,Conozcamos la verdad.
conocer,imperativo afirmativo,vosotros/as,conoced,Conoced mejor la historia.
conocer,imperativo afirmativo,ustedes,conozcan,Conozcan las reglas del juego.
conocer,imperativo negativo,tú,no conozcas,No conozcas a nadie aquí.
conocer,imperativo negativo,usted,no conozca,No conozca esos secretos.
conocer,imperativo negativo,nosotros/as,no conozcamos,No conozcamos ese camino.
conocer,imperativo negativo,vosotros/as,no conozcáis,No conozcáis sus intenciones.
conocer,imperativo negativo,ustedes,no conozcan,No conozcan el peligro.
reír,imperativo afirmativo,tú,ríe,Ríe con tus amigos.
reír,imperativo afirmativo,usted,ría,Ría más a menudo.
reír,imperativo afirmativo,nosotros/as,riamos,Riamos juntos.
reír,imperativo afirmativo,vosotros/as,reíd,Reíd con alegría.
reír,imperativo afirmativo,ustedes,rían,Rían sin preocupaciones.
reír,imperativo negativo,tú,no rías,No rías en la iglesia.
reír,imperativo negativo,usted,no ría,No ría de los demás.
reír,imperativo negativo,nosotros/as,no riamos,No riamos a costa de otros.
reír,imperativo negativo,vosotros/as,no riáis,No riáis tanto en clase.
reír,imperativo negativo,ustedes,no rían,No rían cuando sea inapropiado.
caer,imperativo afirmativo,tú,cae,Cae con cuidado.
caer,imperativo afirmativo,usted,caiga,Caiga suavemente.
caer,imperativo afirmativo,nosotros/as,caigamos,Caigamos juntos.
caer,imperativo afirmativo,vosotros/as,caed,Caed con gracia.
caer,imperativo afirmativo,ustedes,caigan,Caigan con seguridad.
caer,imperativo negativo,tú,no caigas,No caigas en la trampa.
caer,imperativo negativo,usted,no caiga,No caiga la noche sin un plan.
caer,imperativo negativo,nosotros/as,no caigamos,No caigamos en el mismo error.
caer,imperativo negativo,vosotros/as,no caigáis,No caigáis en la desesperación.
caer,imperativo negativo,ustedes,no caigan,No caigan en la desidia.
decidir,imperativo afirmativo,tú,decide,Decide ahora.
decidir,imperativo afirmativo,usted,decida,Decida usted misma.
decidir,imperativo afirmativo,nosotros/as,decidamos,Decidamos juntos.
decidir,imperativo afirmativo,vosotros/as,decidid,Decidid con responsabilidad.
decidir,imperativo afirmativo,ustedes,decidan,Decidan libremente.
decidir,imperativo negativo,tú,no decidas,No decidas apresuradamente.
decidir,imperativo negativo,usted,no decida,No decida sin pensar.
decidir,imperativo negativo,nosotros/as,no decidamos,No decidamos sin consenso.
decidir,imperativo negativo,vosotros/as,no decidáis,No decidáis sin información.
decidir,imperativo negativo,ustedes,no decidan,No decidan por mí.
venir,imperativo afirmativo,tú,ven,Ven conmigo.
venir,imperativo afirmativo,usted,venga,Venga aquí.
venir,imperativo afirmativo,nosotros/as,vengamos,Vengamos pronto.
venir,imperativo afirmativo,vosotros/as,venid,Venid con nosotros.
venir,imperativo afirmativo,ustedes,vengan,Vengan con nosotros.
venir,imperativo negativo,tú,no vengas,No vengas tarde.
venir,imperativo negativo,usted,no venga,No venga por aquí.
venir,imperativo negativo,nosotros/as,no vengamos,No vengamos sin invitación.
venir,imperativo negativo,vosotros/as,no vengáis,No vengáis sin permiso.
venir,imperativo negativo,ustedes,no vengan,No vengan sin avisar.
valer,imperativo afirmativo,tú,vale,Vale la pena intentarlo.
valer,imperativo afirmativo,usted,valga,Valga la regla general.
valer,imperativo afirmativo,nosotros/as,valgamos,Valgamos lo que tenemos.
valer,imperativo afirmativo,vosotros/as,valed,Valed la alegría.
valer,imperativo afirmativo,ustedes,valgan,Valgan sus esfuerzos.
valer,imperativo negativo,tú,no valgas,No valgas menos de lo que vales.
valer,imperativo negativo,usted,no valga,No valga la pena.
valer,imperativo negativo,nosotros/as,no valgamos,No valgamos la tristeza.
valer,imperativo negativo,vosotros/as,no valgáis,No valgáis la apatía.
valer,imperativo negativo,ustedes,no valgan,No valgan el riesgo.
levantarse,imperativo afirmativo,tú,levántate,Levántate temprano.
levantarse,imperativo afirmativo,usted,levántese,Levántese con calma.
levantarse,imperativo afirmativo,nosotros/as,levantémonos,Levantémonos juntos.
levantarse,imperativo afirmativo,vosotros/as,levantaos,Levantaos rápidamente.
levantarse,imperativo afirmativo,ustedes,levántense,Levántense y prepárense.
levantarse,imperativo negativo,tú,no te levantes,No te levantes tarde.
levantarse,imperativo negativo,usted,no se levante,No se levante sin razón.
levantarse,imperativo negativo,nosotros/as,no nos levantemos,No nos levantemos antes de tiempo.
levantarse,imperativo negativo,vosotros/as,no os levantéis,No os levantéis sin permiso.
levantarse,imperativo negativo,ustedes,no se levanten,No se levanten sin terminar.
ducharse,imperativo afirmativo,tú,dúchate,Dúchate antes de salir.
ducharse,imperativo afirmativo,usted,dúchese,Dúchese después del ejercicio.
ducharse,imperativo afirmativo,nosotros/as,duchémonos,Duchémonos rápidamente.
ducharse,imperativo afirmativo,vosotros/as,duchaos,Duchaos en turnos.
ducharse,imperativo afirmativo,ustedes,duchénse,Duchénse con agua caliente.
ducharse,imperativo negativo,tú,no te duches,No te duches tan tarde.
ducharse,imperativo negativo,usted,no se duche,No se duche demasiado.
ducharse,imperativo negativo,nosotros/as,no nos duchemos,No nos duchemos juntos.
ducharse,imperativo negativo,vosotros/as,no os duchéis,No os duchéis ahora.
ducharse,imperativo negativo,ustedes,no se duchen,No se duchen en este momento.
quererse,imperativo afirmativo,tú,quiérete,Quiérete como eres.
quererse,imperativo afirmativo,usted,quiérase,Quiérase más.
quererse,imperativo afirmativo,nosotros/as,querámonos,Querámonos siempre.
quererse,imperativo afirmativo,vosotros/as,quereos,Quereos mucho.
quererse,imperativo afirmativo,ustedes,quiéranse,Quiéranse unos a otros.
quererse,imperativo negativo,tú,no te quieras,No te quieras menos.
quererse,imperativo negativo,usted,no se quiera,No se quiera menospreciar.
quererse,imperativo negativo,nosotros/as,no nos queramos,No nos queramos olvidar.
quererse,imperativo negativo,vosotros/as,no os queráis,No os queráis separar.
quererse,imperativo negativo,ustedes,no se quieran,No se quieran engañar.
regalarse,imperativo afirmativo,tú,regálate,Regálate algo especial.
regalarse,imperativo afirmativo,usted,regálese,Regálese un momento de descanso.
regalarse,imperativo afirmativo,nosotros/as,regalémonos,Regalémonos más tiempo juntos.
regalarse,imperativo afirmativo,vosotros/as,regalaos,Regalaos algo útil.
regalarse,imperativo afirmativo,ustedes,regálense,Regálense mutuamente apoyo.
regalarse,imperativo negativo,tú,no te regales,No te regales tanto.
regalarse,imperativo negativo,usted,no se regale,No se regale por cualquier motivo.
regalarse,imperativo negativo,nosotros/as,no nos regalemos,No nos regalemos sin motivo.
regalarse,imperativo negativo,vosotros/as,no os regaléis,No os regaléis cosas innecesarias.
regalarse,imperativo negativo,ustedes,no se regalen,No se regalen por compromiso.
rodearse,imperativo afirmativo,tú,rodéate,Rodéate de personas positivas.
rodearse,imperativo afirmativo,usted,rodéese,Rodéese de buen ambiente.
rodearse,imperativo afirmativo,nosotros/as,rodéemonos,Rodéemonos de amigos cercanos.
rodearse,imperativo afirmativo,vosotros/as,rodeaos,Rodeaos de naturaleza.
rodearse,imperativo afirmativo,ustedes,rodéense,Rodéense de buenas energías.
rodearse,imperativo negativo,tú,no te rodees,No te rodees de personas negativas.
rodearse,imperativo negativo,usted,no se rodee,No se rodee de malas influencias.
rodearse,imperativo negativo,nosotros/as,no nos rodeemos,No nos rodeemos de problemas.
rodearse,imperativo negativo,vosotros/as,no os rodeéis,No os rodeéis de complicaciones.
rodearse,imperativo negativo,ustedes,no se rodeen,No se rodeen de tensiones.
oir,imperativo afirmativo,tú,oye,Oye la música con atención.
oir,imperativo afirmativo,usted,oiga,Oiga lo que dice el profesor.
oir,imperativo afirmativo,nosotros/as,oigamos,Oigamos las instrucciones.
oir,imperativo afirmativo,vosotros/as,oid,Oid las noticias del día.
oir,imperativo afirmativo,ustedes,oigan,Oigan las indicaciones del guía.
oir,imperativo negativo,tú,no oigas,No oigas rumores sin verificar.
oir,imperativo negativo,usted,no oiga,No oiga conversaciones privadas.
oir,imperativo negativo,nosotros/as,no oigamos,No oigamos críticas sin fundamento.
oir,imperativo negativo,vosotros/as,no oigáis,No oigáis chismes.
oir,imperativo negativo,ustedes,no oigan,No oigan falsas promesas.